{"entities":{"pages":{"introduction":{"id":"introduction","title":"Introduction","url":"introduction.html","level":0,"tabIndex":0},"Components":{"id":"Components","title":"Components","url":"components.html","level":0,"pages":["Functional-Components","JSX-JavaScript-XML","Props","Conditional-Rendering"],"tabIndex":1},"Functional-Components":{"id":"Functional-Components","title":"Functional Components","url":"functional-components.html","level":1,"parentId":"Components","tabIndex":0},"JSX-JavaScript-XML":{"id":"JSX-JavaScript-XML","title":"JSX (JavaScript XML)","url":"jsx-javascript-xml.html","level":1,"parentId":"Components","tabIndex":1},"Props":{"id":"Props","title":"Props","url":"props.html","level":1,"parentId":"Components","tabIndex":2},"Conditional-Rendering":{"id":"Conditional-Rendering","title":"Conditional Rendering","url":"conditional-rendering.html","level":1,"parentId":"Components","tabIndex":3}}},"topLevelIds":["introduction","Components"]}