{"entities":{"pages":{"introduction":{"id":"introduction","title":"Introduction","url":"introduction.html","level":0,"tabIndex":0},"Components":{"id":"Components","title":"Components","url":"components.html","level":0,"pages":["Functional-Components","JSX-JavaScript-XML","Props","Conditional-Rendering","Styling-Components"],"tabIndex":1},"Functional-Components":{"id":"Functional-Components","title":"Functional Components","url":"functional-components.html","level":1,"parentId":"Components","tabIndex":0},"JSX-JavaScript-XML":{"id":"JSX-JavaScript-XML","title":"JSX (JavaScript XML)","url":"jsx-javascript-xml.html","level":1,"parentId":"Components","tabIndex":1},"Props":{"id":"Props","title":"Props","url":"props.html","level":1,"parentId":"Components","tabIndex":2},"Conditional-Rendering":{"id":"Conditional-Rendering","title":"Conditional Rendering","url":"conditional-rendering.html","level":1,"parentId":"Components","tabIndex":3},"Styling-Components":{"id":"Styling-Components","title":"Styling Components","url":"styling-components.html","level":1,"parentId":"Components","tabIndex":4},"Rendering":{"id":"Rendering","title":"Rendering","url":"rendering.html","level":0,"pages":["Rendering-Lists","Events","Manipulating-the-DOM-with-Refs"],"tabIndex":2},"Rendering-Lists":{"id":"Rendering-Lists","title":"Rendering Lists","url":"rendering-lists.html","level":1,"parentId":"Rendering","tabIndex":0},"Events":{"id":"Events","title":"Events","url":"events.html","level":1,"parentId":"Rendering","tabIndex":1},"Manipulating-the-DOM-with-Refs":{"id":"Manipulating-the-DOM-with-Refs","title":"Manipulating the DOM with Refs","url":"manipulating-the-dom-with-refs.html","level":1,"parentId":"Rendering","tabIndex":2}}},"topLevelIds":["introduction","Components","Rendering"]}