{"entities":{"pages":{"introduction":{"id":"introduction","title":"Introduction","url":"introduction.html","level":0,"tabIndex":0},"Components":{"id":"Components","title":"Components","url":"components.html","level":0,"pages":["Functional-Components","JSX-JavaScript-XML","Props","Conditional-Rendering","Styling-Components"],"tabIndex":1},"Functional-Components":{"id":"Functional-Components","title":"Functional Components","url":"functional-components.html","level":1,"parentId":"Components","tabIndex":0},"JSX-JavaScript-XML":{"id":"JSX-JavaScript-XML","title":"JSX (JavaScript XML)","url":"jsx-javascript-xml.html","level":1,"parentId":"Components","tabIndex":1},"Props":{"id":"Props","title":"Props","url":"props.html","level":1,"parentId":"Components","tabIndex":2},"Conditional-Rendering":{"id":"Conditional-Rendering","title":"Conditional Rendering","url":"conditional-rendering.html","level":1,"parentId":"Components","tabIndex":3},"Styling-Components":{"id":"Styling-Components","title":"Styling Components","url":"styling-components.html","level":1,"parentId":"Components","tabIndex":4},"Rendering":{"id":"Rendering","title":"Rendering","url":"rendering.html","level":0,"pages":["Rendering-Lists","Events","Manipulating-the-DOM-with-Refs"],"tabIndex":2},"Rendering-Lists":{"id":"Rendering-Lists","title":"Rendering Lists","url":"rendering-lists.html","level":1,"parentId":"Rendering","tabIndex":0},"Events":{"id":"Events","title":"Events","url":"events.html","level":1,"parentId":"Rendering","tabIndex":1},"Manipulating-the-DOM-with-Refs":{"id":"Manipulating-the-DOM-with-Refs","title":"Manipulating the DOM with Refs","url":"manipulating-the-dom-with-refs.html","level":1,"parentId":"Rendering","tabIndex":2},"Routing-with-React-Router":{"id":"Routing-with-React-Router","title":"Routing with React Router","url":"routing-with-react-router.html","level":0,"pages":["React-Router-Basics","Advanced-Routing","Handling-Navigation"],"tabIndex":3},"React-Router-Basics":{"id":"React-Router-Basics","title":"React Router Basics","url":"react-router-basics.html","level":1,"parentId":"Routing-with-React-Router","tabIndex":0},"Advanced-Routing":{"id":"Advanced-Routing","title":"Advanced Routing","url":"advanced-routing.html","level":1,"parentId":"Routing-with-React-Router","tabIndex":1},"Handling-Navigation":{"id":"Handling-Navigation","title":"Handling Navigation","url":"handling-navigation.html","level":1,"parentId":"Routing-with-React-Router","tabIndex":2},"React-Hooks":{"id":"React-Hooks","title":"React Hooks","url":"react-hooks.html","level":0,"pages":["useState","useEffect","useRef","useReducer"],"tabIndex":4},"useState":{"id":"useState","title":"useState","url":"usestate.html","level":1,"parentId":"React-Hooks","tabIndex":0},"useEffect":{"id":"useEffect","title":"useEffect","url":"useeffect.html","level":1,"parentId":"React-Hooks","tabIndex":1},"useRef":{"id":"useRef","title":"useRef","url":"useref.html","level":1,"parentId":"React-Hooks","tabIndex":2},"useReducer":{"id":"useReducer","title":"useReducer","url":"usereducer.html","level":1,"parentId":"React-Hooks","tabIndex":3},"Handling-Forms-in-React":{"id":"Handling-Forms-in-React","title":"Handling Forms in React","url":"handling-forms-in-react.html","level":0,"tabIndex":5},"Making-API-calls-in-React":{"id":"Making-API-calls-in-React","title":"Making API calls in React","url":"making-api-calls-in-react.html","level":0,"tabIndex":6},"React-Query":{"id":"React-Query","title":"React Query","url":"react-query.html","level":0,"pages":["Set-Up","Fetching-Data-With-useQuery","React-Query-DevTools","Query-Cache"],"tabIndex":7},"Set-Up":{"id":"Set-Up","title":"Installation and Set up","url":"set-up.html","level":1,"parentId":"React-Query","tabIndex":0},"Fetching-Data-With-useQuery":{"id":"Fetching-Data-With-useQuery","title":"Fetching Data With useQuery","url":"fetching-data-with-usequery.html","level":1,"parentId":"React-Query","tabIndex":1},"React-Query-DevTools":{"id":"React-Query-DevTools","title":"React Query DevTools","url":"react-query-devtools.html","level":1,"parentId":"React-Query","tabIndex":2},"Query-Cache":{"id":"Query-Cache","title":"Query Cache","url":"query-cache.html","level":1,"parentId":"React-Query","tabIndex":3}}},"topLevelIds":["introduction","Components","Rendering","Routing-with-React-Router","React-Hooks","Handling-Forms-in-React","Making-API-calls-in-React","React-Query"]}